AIR FORCE,https://ror.org/006gmme17
Asian Office of Aerospace Research and Development,https://ror.org/011e9bt93
ZZ DO NOT USE -AIR FORCE,https://ror.org/006gmme17
NASA GODDARD,https://ror.org/027ka1x80
ARMY,https://ror.org/00afsp483
NATIONAL SCIENCE FOUNDATION,https://ror.org/021nxhr62
NAVY,https://ror.org/03ar0mv07
SPACE AND NAVAL WARFARE SYSTEM,https://ror.org/000ztjy10
DEFENSE ADVANCED RESEARCH PROJECT AGENCY,https://ror.org/02caytj08
Defense Threat Reduction Agency,https://ror.org/04tz64554
NATIONAL INSTITUTE OF STANDARDS AND TECHNOLOGY,https://ror.org/05xpvk416
NATIONAL OCEANIC AND ATMOSPHERIC ADMINISTRATION,https://ror.org/02z5nhe81
DEPARTMENT OF EDUCATION,https://ror.org/021adze67
Department of the Interior,https://ror.org/03v0pmy70
United States Geological Survey,https://ror.org/035a68863
UNITED STATES GEOLOGICAL SURVEY,https://ror.org/035a68863
Baylor College of Medicine,https://ror.org/02pttbw34
Department of Energy Oak Ridge,https://ror.org/01qz5mb56
"DEPARTMENT OF ENERGY, IL",https://ror.org/01bj3aw27
DEPARTMENT OF ENERGY,https://ror.org/01bj3aw27
NASA NSSC,https://ror.org/01p7gwa14
NASA MARSHALL,https://ror.org/02epydz83
NASA Stennis,https://ror.org/03j9e2j92
NASA/Johnson Space Center,https://ror.org/04xx4z452
NASA Ames,https://ror.org/02acart68
NASA Kennedy,https://ror.org/03kjpzv42
NATIONAL INSTITUTES OF HEALTH,https://ror.org/01cwqze88
NATIONAL SCIENCE FOUNDATION LIGO,https://ror.org/0518wrr32
National Science Foundation,https://ror.org/021nxhr62
NATIONAL SCIENCE FOUNDATION ARRA,https://ror.org/021nxhr62
National Historical Publications and Records Commission,https://ror.org/032214n64
U.S. Naval Observatory,https://ror.org/048s2rn92
JET PROPULSION LABORATORY - RESEARCH,https://ror.org/027k65916
NSF,https://ror.org/021nxhr62
AIR FORCE CR,https://ror.org/006gmme17
AIR FORCE AP,https://ror.org/006gmme17
DOD CR,https://ror.org/0447fe631
ARMY CR,https://ror.org/00afsp483
DARPA,https://ror.org/02caytj08
ONR CR 1,https://ror.org/00rk2pe57
USGS,https://ror.org/035a68863
DOE LC,https://ror.org/01bj3aw27
DOE CR,https://ror.org/01bj3aw27
Department of Energy Pittsburgh,https://ror.org/01bj3aw27
FAA,https://ror.org/05q0y0j38
NASA GODDARD LC,https://ror.org/027ka1x80
NASA GODDARD CR,https://ror.org/027ka1x80
NASA AMES,https://ror.org/02acart68
NASA SPECIAL,https://ror.org/027ka1x80
NASA HEADQUARTERS,https://ror.org/027ka1x80
NASA Johnson,https://ror.org/04xx4z452
NIH,https://ror.org/01cwqze88
NIH CR,https://ror.org/01cwqze88
NIH LC,https://ror.org/01cwqze88
University of Miami,https://ror.org/02dgjyy92
USDA,https://ror.org/01na82s61
Department of Justice,https://ror.org/02916qm60
FEMA,https://ror.org/01g9x3v85
Microelectronics Advanced Research Corporation,https://ror.org/0338vpb86
USNRC,https://ror.org/03nhmbj89
FOOD AND DRUG ADMINISTRATION,https://ror.org/034xvzb47
JPL,https://ror.org/027k65916
ASPR/BARDA,https://ror.org/029y69023
IARPA,https://ror.org/01v3fsc55
